{"cameraMode":{"drawMode":0,"name":"Shaded","section":"Shading Mode"},"sceneLighting":true,"audioPlay":false,"sceneViewState":{"m_AlwaysRefresh":false,"showFog":true,"showSkybox":false,"showFlares":true,"showImageEffects":true,"showParticleSystems":true,"showVisualEffectGraphs":true,"m_FxEnabled":true},"in2DMode":false,"pivot":{"x":3.9200000762939455,"y":-0.38131237030029299,"z":-19.62700080871582},"rotation":{"x":-0.006191687658429146,"y":0.9784585237503052,"z":-0.2042691707611084,"w":-0.029656382277607919},"size":18.000749588012697,"orthographic":false}