{"cameraMode":{"drawMode":0,"name":"Shaded","section":"Shading Mode"},"sceneLighting":true,"audioPlay":false,"sceneViewState":{"m_AlwaysRefresh":false,"showFog":true,"showSkybox":true,"showFlares":true,"showImageEffects":true,"showParticleSystems":true,"showVisualEffectGraphs":true,"m_FxEnabled":true},"in2DMode":false,"pivot":{"x":-1.8804277181625367,"y":2.0190541744232179,"z":-3.7833738327026369},"rotation":{"x":0.040434226393699649,"y":0.5828420519828796,"z":-0.029054759070277215,"w":0.811088502407074},"size":1.545112133026123,"orthographic":false}