{"cameraMode":{"drawMode":0,"name":"Shaded","section":"Shading Mode"},"sceneLighting":true,"audioPlay":false,"sceneViewState":{"m_AlwaysRefresh":false,"showFog":true,"showSkybox":false,"showFlares":true,"showImageEffects":true,"showParticleSystems":true,"showVisualEffectGraphs":true,"m_FxEnabled":true},"in2DMode":false,"pivot":{"x":4.933811664581299,"y":5.126904010772705,"z":-19.529943466186525},"rotation":{"x":-0.013489682227373124,"y":-0.9334251880645752,"z":-0.03529109060764313,"w":0.35678014159202578},"size":6.192095756530762,"orthographic":false}