{"cameraMode":{"drawMode":0,"name":"Shaded","section":"Shading Mode"},"sceneLighting":false,"audioPlay":false,"sceneViewState":{"m_AlwaysRefresh":false,"showFog":true,"showSkybox":false,"showFlares":true,"showImageEffects":true,"showParticleSystems":true,"showVisualEffectGraphs":true,"m_FxEnabled":true},"in2DMode":false,"pivot":{"x":3.919999837875366,"y":0.9609072208404541,"z":-19.46977424621582},"rotation":{"x":0.2719588875770569,"y":-0.005483144894242287,"z":0.0015770010650157929,"w":0.9623793363571167},"size":1.6051000356674195,"orthographic":true}