{"cameraMode":{"drawMode":0,"name":"Shaded","section":"Shading Mode"},"sceneLighting":false,"audioPlay":false,"sceneViewState":{"m_AlwaysRefresh":false,"showFog":true,"showSkybox":true,"showFlares":true,"showImageEffects":true,"showParticleSystems":true,"showVisualEffectGraphs":true,"m_FxEnabled":false},"in2DMode":false,"pivot":{"x":10.048572540283204,"y":-0.2375319004058838,"z":-0.39640378952026369},"rotation":{"x":0.027823681011795999,"y":0.9673089385032654,"z":-0.2202555537223816,"w":0.12472877651453018},"size":1.3223600387573243,"orthographic":false}