{"cameraMode":{"drawMode":0,"name":"Shaded","section":"Shading Mode"},"sceneLighting":false,"audioPlay":false,"sceneViewState":{"m_AlwaysRefresh":false,"showFog":true,"showSkybox":false,"showFlares":true,"showImageEffects":true,"showParticleSystems":true,"showVisualEffectGraphs":true,"m_FxEnabled":true},"in2DMode":false,"pivot":{"x":-2.2938930988311769,"y":0.4400000274181366,"z":-2.6420271396636965},"rotation":{"x":-0.002297225408256054,"y":-0.9974226951599121,"z":0.0617307685315609,"w":-0.037130601704120639},"size":1.0808329582214356,"orthographic":false}