{"cameraMode":{"drawMode":0,"name":"Shaded","section":"Shading Mode"},"sceneLighting":true,"audioPlay":false,"sceneViewState":{"m_AlwaysRefresh":false,"showFog":true,"showSkybox":true,"showFlares":true,"showImageEffects":true,"showParticleSystems":true,"showVisualEffectGraphs":true,"m_FxEnabled":true},"in2DMode":false,"pivot":{"x":35.44148635864258,"y":5.965299129486084,"z":-20.588960647583009},"rotation":{"x":-0.38917237520217898,"y":-0.41313183307647707,"z":0.20148521661758424,"w":-0.7983810901641846},"size":0.8660253882408142,"orthographic":false}