{"cameraMode":{"drawMode":0,"name":"Shaded","section":"Shading Mode"},"sceneLighting":true,"audioPlay":false,"sceneViewState":{"m_AlwaysRefresh":false,"showFog":true,"showSkybox":false,"showFlares":true,"showImageEffects":true,"showParticleSystems":true,"showVisualEffectGraphs":true,"m_FxEnabled":true},"in2DMode":false,"pivot":{"x":1.0517139434814454,"y":4.670000076293945,"z":-10.244500160217286},"rotation":{"x":0.02582448720932007,"y":0.6697368025779724,"z":-0.023316267877817155,"w":0.7417845129966736},"size":43.1786994934082,"orthographic":true}