{"cameraMode":{"drawMode":0,"name":"Shaded","section":"Shading Mode"},"sceneLighting":true,"audioPlay":false,"sceneViewState":{"m_AlwaysRefresh":false,"showFog":true,"showSkybox":true,"showFlares":true,"showImageEffects":true,"showParticleSystems":true,"showVisualEffectGraphs":true,"m_FxEnabled":true},"in2DMode":false,"pivot":{"x":10.777098655700684,"y":5.411240577697754,"z":-20.055274963378908},"rotation":{"x":0.0027470719069242479,"y":-0.9962809085845947,"z":0.07907123863697052,"w":0.034680236130952838},"size":3.6887667179107668,"orthographic":true}