{"cameraMode":{"drawMode":0,"name":"Shaded","section":"Shading Mode"},"sceneLighting":true,"audioPlay":false,"sceneViewState":{"m_AlwaysRefresh":false,"showFog":true,"showSkybox":true,"showFlares":true,"showImageEffects":true,"showParticleSystems":true,"showVisualEffectGraphs":true,"m_FxEnabled":true},"in2DMode":false,"pivot":{"x":32.23556137084961,"y":-2.7773168087005617,"z":-12.056181907653809},"rotation":{"x":0.06219102814793587,"y":0.5563665628433228,"z":-0.04181137681007385,"w":0.8275517821311951},"size":1.1825919151306153,"orthographic":false}